<ns0:environment xmlns:ns0="urn:model.commons.qatools.yandex.ru">
  <id>Robot Framework</id>
  <name>bznotrouble.local</name>
  <url>http://bznotrouble.local:8000</url>
  <parameter>
    <key>Robot Framework Platform</key>
    <name>Robot Framework Platform</name>
    <value>darwin</value>
  </parameter>
  <parameter>
    <key>Robot Framework Version</key>
    <name>Robot Framework Version</name>
    <value>3.0.2</value>
  </parameter>
  <parameter>
    <key>Robot Framework Full Version</key>
    <name>Robot Framework Full Version</name>
    <value>3.0.2 (Python 2.7.10 on darwin)</value>
  </parameter>
  <parameter>
    <key>Python version</key>
    <name>Python version</name>
    <value>2.7.10</value>
  </parameter>
  <parameter>
    <key>Interpreter</key>
    <name>Interpreter</name>
    <value>Python</value>
  </parameter>
  <parameter>
    <key>Robot Framework Hostname</key>
    <name>Robot Framework Hostname</name>
    <value>bznotrouble.local</value>
  </parameter>
  <parameter>
    <key>Allure Adapter version</key>
    <name>Allure Adapter version</name>
    <value>1.1.1</value>
  </parameter>
  <parameter>
    <key>Robot Framework CLI Arguments</key>
    <name>Robot Framework CLI Arguments</name>
    <value>['2\xe8\xa7\x86\xe9\xa2\x91\xe6\x92\xad\xe6\x94\xbe\xe9\xa1\xb5\xe7\x82\xb9\xe5\x87\xbb\xe5\x85\xb3\xe6\xb3\xa8.txt']</value>
  </parameter>
</ns0:environment>
